{"properties":{"connectionReferences":{"shared_commondataservice":{"runtimeSource":"invoker","connection":{},"api":{"name":"shared_commondataservice"}}},"definition":{"$schema":"https://schema.management.azure.com/providers/Microsoft.Logic/schemas/2016-06-01/workflowdefinition.json#","contentVersion":"1.0.0.0","parameters":{"$connections":{"defaultValue":{},"type":"Object"},"$authentication":{"defaultValue":{},"type":"SecureObject"}},"triggers":{"manual":{"type":"Request","kind":"PowerApp","inputs":{"schema":{"type":"object","properties":{},"required":[]}}}},"actions":{"レコードの一覧表示":{"runAfter":{"return":["Succeeded"]},"metadata":{"flowSystemMetadata":{"swaggerOperationId":"GetItems_V2"}},"type":"ApiConnection","inputs":{"host":{"connection":{"name":"@json(decodeBase64(triggerOutputs().headers['X-MS-APIM-Tokens']))['$connections']['shared_commondataservice']['connectionId']"}},"method":"get","path":"/v2/datasets/@{encodeURIComponent(encodeURIComponent('default.cds'))}/tables/@{encodeURIComponent(encodeURIComponent('mati_quizapimasters'))}/items","queries":{"$filter":"mati_apiname eq 'SIgnalR'"},"authentication":{"type":"Raw","value":"@json(decodeBase64(triggerOutputs().headers['X-MS-APIM-Tokens']))['$ConnectionKey']"}}},"Apply_to_each":{"foreach":"@body('レコードの一覧表示')?['value']","actions":{"レコードの取得":{"runAfter":{},"metadata":{"flowSystemMetadata":{"swaggerOperationId":"GetItem_V2"}},"type":"ApiConnection","inputs":{"host":{"connection":{"name":"@json(decodeBase64(triggerOutputs().headers['X-MS-APIM-Tokens']))['$connections']['shared_commondataservice']['connectionId']"}},"method":"get","path":"/v2/datasets/@{encodeURIComponent(encodeURIComponent('default.cds'))}/tables/@{encodeURIComponent(encodeURIComponent('mati_quizapimasters'))}/items/@{encodeURIComponent(encodeURIComponent(items('Apply_to_each')?['mati_quizapimasterid']))}","authentication":{"type":"Raw","value":"@json(decodeBase64(triggerOutputs().headers['X-MS-APIM-Tokens']))['$ConnectionKey']"}}},"HTTP":{"runAfter":{"レコードの取得":["Succeeded"]},"type":"Http","inputs":{"method":"POST","uri":"@{body('レコードの取得')?['mati_url']}api/messages","body":{"state":"result"}}},"Success":{"runAfter":{"HTTP":["Succeeded"]},"type":"SetVariable","inputs":{"name":"return","value":"Success"}},"Error":{"runAfter":{"HTTP":["Failed","Skipped","TimedOut"]},"type":"SetVariable","inputs":{"name":"return","value":"Error"}}},"runAfter":{"レコードの一覧表示":["Succeeded"]},"type":"Foreach"},"return":{"runAfter":{},"type":"InitializeVariable","inputs":{"variables":[{"name":"return","type":"string"}]}},"PowerApp_または_Flow_に応答する":{"runAfter":{"Apply_to_each":["Succeeded"]},"type":"Response","kind":"PowerApp","inputs":{"statusCode":200,"body":{"rtn":"@variables('return')"},"schema":{"type":"object","properties":{"rtn":{"title":"rtn","x-ms-dynamically-added":true,"type":"string"}}}}}},"outputs":{}}},"schemaVersion":"1.0.0.0"}