{"properties":{"connectionReferences":{"shared_commondataservice":{"runtimeSource":"invoker","connection":{},"api":{"name":"shared_commondataservice"}}},"definition":{"$schema":"https://schema.management.azure.com/providers/Microsoft.Logic/schemas/2016-06-01/workflowdefinition.json#","contentVersion":"1.0.0.0","parameters":{"$connections":{"defaultValue":{},"type":"Object"},"$authentication":{"defaultValue":{},"type":"SecureObject"}},"triggers":{"manual":{"type":"Request","kind":"PowerApp","inputs":{"schema":{"type":"object","properties":{"quizid_値":{"type":"string","description":"初期値を入力","x-ms-powerflows-param-ispartial":false},"quizcurrent_値":{"type":"integer","description":"初期値を入力","x-ms-powerflows-param-ispartial":false},"quiztail_値":{"type":"string","description":"初期値を入力","x-ms-powerflows-param-ispartial":false},"quizcategory_値":{"type":"string","description":"初期値を入力","x-ms-powerflows-param-ispartial":false},"quizscore_値":{"type":"integer","description":"初期値を入力","x-ms-powerflows-param-ispartial":false},"quizquestion_値":{"type":"string","description":"初期値を入力","x-ms-powerflows-param-ispartial":false},"quizA_値":{"type":"string","description":"初期値を入力","x-ms-powerflows-param-ispartial":false},"quizB_値":{"type":"string","description":"初期値を入力","x-ms-powerflows-param-ispartial":false},"quizC_値":{"type":"string","description":"初期値を入力","x-ms-powerflows-param-ispartial":false},"quizD_値":{"type":"string","description":"初期値を入力","x-ms-powerflows-param-ispartial":false}},"required":["quizid_値","quizcurrent_値","quiztail_値","quizcategory_値","quizscore_値","quizquestion_値","quizA_値","quizB_値","quizC_値","quizD_値"]}}}},"actions":{"quiz_id":{"runAfter":{},"type":"InitializeVariable","inputs":{"variables":[{"name":"quiz_id","type":"string","value":"@{triggerBody()['quizid_値']}"}]}},"quiz_current":{"runAfter":{"quiz_id":["Succeeded"]},"type":"InitializeVariable","inputs":{"variables":[{"name":"quiz_current","type":"integer","value":"@triggerBody()['quizcurrent_値']"}]}},"quiz_tail":{"runAfter":{"quiz_current":["Succeeded"]},"type":"InitializeVariable","inputs":{"variables":[{"name":"quiz_tail","type":"string","value":"@{triggerBody()['quiztail_値']}"}]}},"quiz_category":{"runAfter":{"quiz_tail":["Succeeded"]},"type":"InitializeVariable","inputs":{"variables":[{"name":"quiz_category","type":"string","value":"@{triggerBody()['quizcategory_値']}"}]}},"quiz_score":{"runAfter":{"quiz_category":["Succeeded"]},"type":"InitializeVariable","inputs":{"variables":[{"name":"quiz_score","type":"integer","value":"@triggerBody()['quizscore_値']"}]}},"quiz_question":{"runAfter":{"quiz_score":["Succeeded"]},"type":"InitializeVariable","inputs":{"variables":[{"name":"quiz_question","type":"string","value":"@{triggerBody()['quizquestion_値']}"}]}},"quizA":{"runAfter":{"quiz_question":["Succeeded"]},"type":"InitializeVariable","inputs":{"variables":[{"name":"quiz_A","type":"string","value":"@{triggerBody()['quizA_値']}"}]}},"quizB":{"runAfter":{"quizA":["Succeeded"]},"type":"InitializeVariable","inputs":{"variables":[{"name":"quiz_B","type":"string","value":"@{triggerBody()['quizB_値']}"}]}},"quizC":{"runAfter":{"quizB":["Succeeded"]},"type":"InitializeVariable","inputs":{"variables":[{"name":"quiz_C","type":"string","value":"@{triggerBody()['quizC_値']}"}]}},"quizD":{"runAfter":{"quizC":["Succeeded"]},"type":"InitializeVariable","inputs":{"variables":[{"name":"quiz_D","type":"string","value":"@{triggerBody()['quizD_値']}"}]}},"return":{"runAfter":{"quizD":["Succeeded"]},"type":"InitializeVariable","inputs":{"variables":[{"name":"return","type":"string"}]}},"レコードの一覧表示":{"runAfter":{"return":["Succeeded"]},"metadata":{"flowSystemMetadata":{"swaggerOperationId":"GetItems_V2"}},"type":"ApiConnection","inputs":{"host":{"connection":{"name":"@json(decodeBase64(triggerOutputs().headers['X-MS-APIM-Tokens']))['$connections']['shared_commondataservice']['connectionId']"}},"method":"get","path":"/v2/datasets/@{encodeURIComponent(encodeURIComponent('default.cds'))}/tables/@{encodeURIComponent(encodeURIComponent('mati_quizapimasters'))}/items","queries":{"$filter":"mati_apiname eq 'SIgnalR'"},"authentication":{"type":"Raw","value":"@json(decodeBase64(triggerOutputs().headers['X-MS-APIM-Tokens']))['$ConnectionKey']"}}},"Apply_to_each":{"foreach":"@body('レコードの一覧表示')?['value']","actions":{"レコードの取得":{"runAfter":{},"metadata":{"flowSystemMetadata":{"swaggerOperationId":"GetItem_V2"}},"type":"ApiConnection","inputs":{"host":{"connection":{"name":"@json(decodeBase64(triggerOutputs().headers['X-MS-APIM-Tokens']))['$connections']['shared_commondataservice']['connectionId']"}},"method":"get","path":"/v2/datasets/@{encodeURIComponent(encodeURIComponent('default.cds'))}/tables/@{encodeURIComponent(encodeURIComponent('mati_quizapimasters'))}/items/@{encodeURIComponent(encodeURIComponent(items('Apply_to_each')?['mati_quizapimasterid']))}","authentication":{"type":"Raw","value":"@json(decodeBase64(triggerOutputs().headers['X-MS-APIM-Tokens']))['$ConnectionKey']"}}},"HTTP":{"runAfter":{"レコードの取得":["Succeeded"]},"type":"Http","inputs":{"method":"POST","uri":"@{body('レコードの取得')?['mati_url']}api/messages","body":{"state":"start","question":{"id":"@variables('quiz_id')","description":"@variables('quiz_question')","category":"@variables('quiz_category')","point":"@variables('quiz_score')","position":{"current":"@variables('quiz_current')","tail":"@variables('quiz_tail')"}},"choices":{"a":{"description":"@variables('quiz_A')"},"b":{"description":"@variables('quiz_B')"},"c":{"description":"@variables('quiz_C')"},"d":{"description":"@variables('quiz_D')"}}}}},"Success":{"runAfter":{"HTTP":["Succeeded"]},"type":"SetVariable","inputs":{"name":"return","value":"Success"}},"Error":{"runAfter":{"HTTP":["Failed","Skipped","TimedOut"]},"type":"SetVariable","inputs":{"name":"return","value":"Error"}}},"runAfter":{"レコードの一覧表示":["Succeeded"]},"type":"Foreach"},"PowerApp_または_Flow_に応答する":{"runAfter":{"Apply_to_each":["Succeeded"]},"type":"Response","kind":"PowerApp","inputs":{"statusCode":200,"body":{"rtn":"@variables('return')"},"schema":{"type":"object","properties":{"rtn":{"title":"rtn","x-ms-dynamically-added":true,"type":"string"}}}}}},"outputs":{}}},"schemaVersion":"1.0.0.0"}