<ImportExportXml version="9.1.0.19865" SolutionPackageVersion="9.1" languagecode="1041" generatedBy="CrmLive" xmlns:xsi="http://www.w3.org/2001/XMLSchema-instance">
  <SolutionManifest>
    <UniqueName>QuizApplication</UniqueName>
    <LocalizedNames>
      <LocalizedName description="Quiz Application" languagecode="1041" />
    </LocalizedNames>
    <Descriptions />
    <Version>1.0.0.3</Version>
    <Managed>0</Managed>
    <Publisher>
      <UniqueName>Martinysystem_Works</UniqueName>
      <LocalizedNames>
        <LocalizedName description="Martinysystem Works" languagecode="1041" />
      </LocalizedNames>
      <Descriptions>
        <Description description="Twitter ネーム りなたむ (R_t_A_n_M) が作成した Power Platform のソリューションです。&#xA;お問い合わせなどは、以下のサイトに記載の連絡先までお願いいたします。&#xA;http://bit.ly/Sentreseau_CTO_Info" languagecode="1041" />
      </Descriptions>
      <EMailAddress xsi:nil="true"></EMailAddress>
      <SupportingWebsiteUrl>http://bit.ly/Sentreseau_CTO_Info</SupportingWebsiteUrl>
      <CustomizationPrefix>mati</CustomizationPrefix>
      <CustomizationOptionValuePrefix>74829</CustomizationOptionValuePrefix>
      <Addresses>
        <Address>
          <AddressNumber>1</AddressNumber>
          <AddressTypeCode>1</AddressTypeCode>
          <City xsi:nil="true"></City>
          <County xsi:nil="true"></County>
          <Country xsi:nil="true"></Country>
          <Fax xsi:nil="true"></Fax>
          <FreightTermsCode xsi:nil="true"></FreightTermsCode>
          <ImportSequenceNumber xsi:nil="true"></ImportSequenceNumber>
          <Latitude xsi:nil="true"></Latitude>
          <Line1 xsi:nil="true"></Line1>
          <Line2 xsi:nil="true"></Line2>
          <Line3 xsi:nil="true"></Line3>
          <Longitude xsi:nil="true"></Longitude>
          <Name xsi:nil="true"></Name>
          <PostalCode xsi:nil="true"></PostalCode>
          <PostOfficeBox xsi:nil="true"></PostOfficeBox>
          <PrimaryContactName xsi:nil="true"></PrimaryContactName>
          <ShippingMethodCode>1</ShippingMethodCode>
          <StateOrProvince xsi:nil="true"></StateOrProvince>
          <Telephone1 xsi:nil="true"></Telephone1>
          <Telephone2 xsi:nil="true"></Telephone2>
          <Telephone3 xsi:nil="true"></Telephone3>
          <TimeZoneRuleVersionNumber xsi:nil="true"></TimeZoneRuleVersionNumber>
          <UPSZone xsi:nil="true"></UPSZone>
          <UTCOffset xsi:nil="true"></UTCOffset>
          <UTCConversionTimeZoneCode xsi:nil="true"></UTCConversionTimeZoneCode>
        </Address>
        <Address>
          <AddressNumber>2</AddressNumber>
          <AddressTypeCode>1</AddressTypeCode>
          <City xsi:nil="true"></City>
          <County xsi:nil="true"></County>
          <Country xsi:nil="true"></Country>
          <Fax xsi:nil="true"></Fax>
          <FreightTermsCode xsi:nil="true"></FreightTermsCode>
          <ImportSequenceNumber xsi:nil="true"></ImportSequenceNumber>
          <Latitude xsi:nil="true"></Latitude>
          <Line1 xsi:nil="true"></Line1>
          <Line2 xsi:nil="true"></Line2>
          <Line3 xsi:nil="true"></Line3>
          <Longitude xsi:nil="true"></Longitude>
          <Name xsi:nil="true"></Name>
          <PostalCode xsi:nil="true"></PostalCode>
          <PostOfficeBox xsi:nil="true"></PostOfficeBox>
          <PrimaryContactName xsi:nil="true"></PrimaryContactName>
          <ShippingMethodCode>1</ShippingMethodCode>
          <StateOrProvince xsi:nil="true"></StateOrProvince>
          <Telephone1 xsi:nil="true"></Telephone1>
          <Telephone2 xsi:nil="true"></Telephone2>
          <Telephone3 xsi:nil="true"></Telephone3>
          <TimeZoneRuleVersionNumber xsi:nil="true"></TimeZoneRuleVersionNumber>
          <UPSZone xsi:nil="true"></UPSZone>
          <UTCOffset xsi:nil="true"></UTCOffset>
          <UTCConversionTimeZoneCode xsi:nil="true"></UTCConversionTimeZoneCode>
        </Address>
      </Addresses>
    </Publisher>
    <RootComponents>
      <RootComponent type="1" schemaName="crce4_quizdata" behavior="0" />
      <RootComponent type="1" schemaName="mati_quizanswer" behavior="0" />
      <RootComponent type="1" schemaName="mati_quizapimaster" behavior="0" />
      <RootComponent type="1" schemaName="mati_quizsession" behavior="0" />
      <RootComponent type="1" schemaName="mati_quizusermanagement" behavior="0" />
      <RootComponent type="9" schemaName="crce4_quizcategory" behavior="0" />
      <RootComponent type="29" id="{97153760-d7b3-ea11-a812-000d3a37fc99}" behavior="0" />
      <RootComponent type="29" id="{985d362b-eab5-ea11-a812-000d3a37fc9a}" behavior="0" />
      <RootComponent type="29" id="{b6633c33-8cb4-ea11-a812-000d3a37fc99}" behavior="0" />
      <RootComponent type="29" id="{c5b139f8-32c0-ea11-a812-000d3a37fc9a}" behavior="0" />
      <RootComponent type="60" id="{65f07b23-63c0-ea11-a812-000d3a37fc99}" behavior="0" />
      <RootComponent type="60" id="{78a0f75f-f5bf-ea11-a812-000d3a37fc9a}" behavior="0" />
      <RootComponent type="60" id="{d947f119-a5b3-ea11-a812-000d3a37fc99}" behavior="0" />
      <RootComponent type="60" id="{f211c6ac-afb3-ea11-a812-000d3a37fc9a}" behavior="0" />
      <RootComponent type="60" id="{f6ba4137-e3bf-ea11-a812-000d3a37fc99}" behavior="0" />
      <RootComponent type="62" schemaName="mati_quizmanagement" behavior="0" />
      <RootComponent type="80" schemaName="mati_quizmanagement" behavior="0" />
      <RootComponent type="300" schemaName="mati__a436d" behavior="0" />
      <RootComponent type="431" schemaName="crce4_quizdata mati_a_image" behavior="0" />
      <RootComponent type="431" schemaName="crce4_quizdata mati_b_image" behavior="0" />
      <RootComponent type="431" schemaName="crce4_quizdata mati_c_image" behavior="0" />
      <RootComponent type="431" schemaName="crce4_quizdata mati_d_image" behavior="0" />
      <RootComponent type="432" schemaName="crce4_quizdata" behavior="0" />
    </RootComponents>
    <MissingDependencies>
      <MissingDependency>
        <Required key="0" type="1" schemaName="mati_quizanswerlog" displayName="quizanswerlog" solution="Active" />
        <Dependent key="1" type="80" schemaName="mati_quizmanagement" displayName="クイズ管理画面" />
      </MissingDependency>
      <MissingDependency>
        <Required key="2" type="26" schemaName="アクティブなquizanswerlog" displayName="アクティブなquizanswerlog" parentSchemaName="mati_quizanswerlog" parentDisplayName="quizanswerlog" solution="Active" id="{0272f0e0-d5be-4da4-9475-97a02b795940}" />
        <Dependent key="1" type="80" schemaName="mati_quizmanagement" displayName="クイズ管理画面" />
      </MissingDependency>
      <MissingDependency>
        <Required key="3" type="61" schemaName="msdyn_/Images/AppModule_Default_Icon.png" displayName="msdyn_/Images/AppModule_Default_Icon.png" solution="AppModuleWebResources (2.5)" />
        <Dependent key="1" type="80" schemaName="mati_quizmanagement" displayName="クイズ管理画面" />
      </MissingDependency>
      <MissingDependency>
        <Required key="0" type="1" schemaName="mati_quizanswerlog" displayName="quizanswerlog" solution="Active" />
        <Dependent key="4" type="60" displayName=" メイン フォーム" parentDisplayName="quizanswerlog" id="{f6ba4137-e3bf-ea11-a812-000d3a37fc99}" />
      </MissingDependency>
      <MissingDependency>
        <Required key="5" type="2" schemaName="mati_score" displayName="Score" parentSchemaName="mati_quizanswerlog" parentDisplayName="quizanswerlog" solution="Active" />
        <Dependent key="4" type="60" displayName=" メイン フォーム" parentDisplayName="quizanswerlog" id="{f6ba4137-e3bf-ea11-a812-000d3a37fc99}" />
      </MissingDependency>
      <MissingDependency>
        <Required key="6" type="2" schemaName="mati_questionno" displayName="QuestionNo" parentSchemaName="mati_quizanswerlog" parentDisplayName="quizanswerlog" solution="Active" />
        <Dependent key="4" type="60" displayName=" メイン フォーム" parentDisplayName="quizanswerlog" id="{f6ba4137-e3bf-ea11-a812-000d3a37fc99}" />
      </MissingDependency>
      <MissingDependency>
        <Required key="7" type="2" schemaName="mati_questioncollect" displayName="QuestionCollect" parentSchemaName="mati_quizanswerlog" parentDisplayName="quizanswerlog" solution="Active" />
        <Dependent key="4" type="60" displayName=" メイン フォーム" parentDisplayName="quizanswerlog" id="{f6ba4137-e3bf-ea11-a812-000d3a37fc99}" />
      </MissingDependency>
      <MissingDependency>
        <Required key="8" type="2" schemaName="ownerid" displayName="所有者" parentSchemaName="mati_quizanswerlog" parentDisplayName="quizanswerlog" solution="Active" />
        <Dependent key="4" type="60" displayName=" メイン フォーム" parentDisplayName="quizanswerlog" id="{f6ba4137-e3bf-ea11-a812-000d3a37fc99}" />
      </MissingDependency>
      <MissingDependency>
        <Required key="9" type="2" schemaName="mati_answerid" displayName="answerid" parentSchemaName="mati_quizanswerlog" parentDisplayName="quizanswerlog" solution="Active" />
        <Dependent key="4" type="60" displayName=" メイン フォーム" parentDisplayName="quizanswerlog" id="{f6ba4137-e3bf-ea11-a812-000d3a37fc99}" />
      </MissingDependency>
      <MissingDependency>
        <Required key="10" type="2" schemaName="mati_questionanswer" displayName="QuestionAnswer" parentSchemaName="mati_quizanswerlog" parentDisplayName="quizanswerlog" solution="Active" />
        <Dependent key="4" type="60" displayName=" メイン フォーム" parentDisplayName="quizanswerlog" id="{f6ba4137-e3bf-ea11-a812-000d3a37fc99}" />
      </MissingDependency>
      <MissingDependency>
        <Required key="11" type="66" schemaName="MscrmControls.Knob.ArcKnobControl" displayName="MscrmControls.Knob.ArcKnobControl" solution="CustomControlsCore (9.1.0000.19865)" />
        <Dependent key="12" type="60" displayName=" メイン フォーム" parentDisplayName="quizdata" id="{bfa745b2-81b3-ea11-a812-000d3a37fc99}" />
      </MissingDependency>
      <MissingDependency>
        <Required key="13" type="66" schemaName="MscrmControls.Knob.RadialKnobControl" displayName="MscrmControls.Knob.RadialKnobControl" solution="CustomControlsCore (9.1.0000.19865)" />
        <Dependent key="12" type="60" displayName=" メイン フォーム" parentDisplayName="quizdata" id="{bfa745b2-81b3-ea11-a812-000d3a37fc99}" />
      </MissingDependency>
    </MissingDependencies>
  </SolutionManifest>
</ImportExportXml>